key,key:userAccount,employeeCode,spokenLanguages,moment,briefBio,salary,photo,key:airline

#base
assistanceAgent-01, user-account-assistanceAgent-01,MM123456, Lorem ipsum dolor sit amet. consectetur adipiscing elit. Sed do: eiusmod tempor incididunt ut labore et dolore magna aliqua! Ut*,02/07/2012 0:00,Lorem ipsum dolor sit amet. consectetur adipiscing elit. Sed do: eiusmod tempor incididunt ut labore et dolore magna aliqua! Ut*, EUR 500.000, http://lorem.com/ipsum, airline-01

#spokenLanguages - variations
assistanceAgent-01, user-account-assistanceAgent-01,MM000001, L,02/07/2012 0:00,Lorem ipsum dolor sit amet. consectetur adipiscing elit. Sed do: eiusmod tempor incididunt ut labore et dolore magna aliqua! Ut*, EUR 500.000, http://lorem.com/ipsum, airline-01
assistanceAgent-02, user-account-assistanceAgent-02,MM000002, Lo,02/07/2012 0:00,Lorem ipsum dolor sit amet. consectetur adipiscing elit. Sed do: eiusmod tempor incididunt ut labore et dolore magna aliqua! Ut*, EUR 500.000, http://lorem.com/ipsum, airline-01
assistanceAgent-03, user-account-assistanceAgent-03,MM000003, Lorem ipsum dolor sit amet. consectetur adipiscing elit. Sed do: eiusmod tempor incididunt ut labore et dolore magna aliqua! Ut enim ad minim veniam? Quis nostrud exercitation ullamco laboris nisi ut aliquip ex ea commodo consequat. Duis aute irure dolor,02/07/2012 0:00,Lorem ipsum dolor sit amet. consectetur adipiscing elit. Sed do: eiusmod tempor incididunt ut labore et dolore magna aliqua! Ut*, EUR 500.000, http://lorem.com/ipsum, airline-01
assistanceAgent-04, user-account-assistanceAgent-04,MM000004, Lorem ipsum dolor sit amet. consectetur adipiscing elit. Sed do: eiusmod tempor incididunt ut labore et dolore magna aliqua! Ut enim ad minim veniam? Quis nostrud exercitation ullamco laboris nisi ut aliquip ex ea commodo consequat. Duis aute irure dolor*,02/07/2012 0:00,Lorem ipsum dolor sit amet. consectetur adipiscing elit. Sed do: eiusmod tempor incididunt ut labore et dolore magna aliqua! Ut*, EUR 500.000, http://lorem.com/ipsum, airline-01
assistanceAgent-05, user-account-assistanceAgent-05,MM000005, โลเร็ม อิปซัม,02/07/2012 0:00,Lorem ipsum dolor sit amet. consectetur adipiscing elit. Sed do: eiusmod tempor incididunt ut labore et dolore magna aliqua! Ut*, EUR 500.000, http://lorem.com/ipsum, airline-01
assistanceAgent-06, user-account-assistanceAgent-06,MM000006, لوريم إيبسوم,02/07/2012 0:00,Lorem ipsum dolor sit amet. consectetur adipiscing elit. Sed do: eiusmod tempor incididunt ut labore et dolore magna aliqua! Ut*, EUR 500.000, http://lorem.com/ipsum, airline-01
assistanceAgent-07, user-account-assistanceAgent-07,MM000007, 洛伦·伊普森<marquee>Hacked</marquee>,02/07/2012 0:00,Lorem ipsum dolor sit amet. consectetur adipiscing elit. Sed do: eiusmod tempor incididunt ut labore et dolore magna aliqua! Ut*, EUR 500.000, http://lorem.com/ipsum, airline-01
assistanceAgent-08, user-account-assistanceAgent-08,MM000008, <script>alert(‘Hacked!’);</script>,02/07/2012 0:00,Lorem ipsum dolor sit amet. consectetur adipiscing elit. Sed do: eiusmod tempor incididunt ut labore et dolore magna aliqua! Ut*, EUR 500.000, http://lorem.com/ipsum, airline-01
assistanceAgent-09, user-account-assistanceAgent-09,MM000009, ' or 'A' = 'A,02/07/2012 0:00,Lorem ipsum dolor sit amet. consectetur adipiscing elit. Sed do: eiusmod tempor incididunt ut labore et dolore magna aliqua! Ut*, EUR 500.000, http://lorem.com/ipsum, airline-01

#moment - variations
assistanceAgent-10, user-account-assistanceAgent-10,MM000010, Lorem ipsum dolor sit amet. consectetur adipiscing elit. Sed do: eiusmod tempor incididunt ut labore et dolore magna aliqua! Ut*,01/01/2000 0:00,Lorem ipsum dolor sit amet. consectetur adipiscing elit. Sed do: eiusmod tempor incididunt ut labore et dolore magna aliqua! Ut*, EUR 500.000, http://lorem.com/ipsum, airline-01
assistanceAgent-11, user-account-assistanceAgent-11,MM000011, Lorem ipsum dolor sit amet. consectetur adipiscing elit. Sed do: eiusmod tempor incididunt ut labore et dolore magna aliqua! Ut*,01/01/2000 0:01,Lorem ipsum dolor sit amet. consectetur adipiscing elit. Sed do: eiusmod tempor incididunt ut labore et dolore magna aliqua! Ut*, EUR 500.000, http://lorem.com/ipsum, airline-01
assistanceAgent-12, user-account-assistanceAgent-12,MM000012, Lorem ipsum dolor sit amet. consectetur adipiscing elit. Sed do: eiusmod tempor incididunt ut labore et dolore magna aliqua! Ut*,31/12/2024 23:59,Lorem ipsum dolor sit amet. consectetur adipiscing elit. Sed do: eiusmod tempor incididunt ut labore et dolore magna aliqua! Ut*, EUR 500.000, http://lorem.com/ipsum, airline-01
assistanceAgent-13, user-account-assistanceAgent-13,MM000013, Lorem ipsum dolor sit amet. consectetur adipiscing elit. Sed do: eiusmod tempor incididunt ut labore et dolore magna aliqua! Ut*,01/01/2025 0:00,Lorem ipsum dolor sit amet. consectetur adipiscing elit. Sed do: eiusmod tempor incididunt ut labore et dolore magna aliqua! Ut*, EUR 500.000, http://lorem.com/ipsum, airline-01

#briefBio - variations
assistanceAgent-14, user-account-assistanceAgent-14,MM000014, Lorem ipsum dolor sit amet. consectetur adipiscing elit. Sed do: eiusmod tempor incididunt ut labore et dolore magna aliqua! Ut*,02/07/2012 0:00,L, EUR 500.000, http://lorem.com/ipsum, airline-01
assistanceAgent-15, user-account-assistanceAgent-15,MM000015, Lorem ipsum dolor sit amet. consectetur adipiscing elit. Sed do: eiusmod tempor incididunt ut labore et dolore magna aliqua! Ut*,02/07/2012 0:00,Lo, EUR 500.000, http://lorem.com/ipsum, airline-01
assistanceAgent-16, user-account-assistanceAgent-16,MM000016, Lorem ipsum dolor sit amet. consectetur adipiscing elit. Sed do: eiusmod tempor incididunt ut labore et dolore magna aliqua! Ut*,02/07/2012 0:00,Lorem ipsum dolor sit amet. consectetur adipiscing elit. Sed do: eiusmod tempor incididunt ut labore et dolore magna aliqua! Ut enim ad minim veniam? Quis nostrud exercitation ullamco laboris nisi ut aliquip ex ea commodo consequat. Duis aute irure dolor, EUR 500.000, http://lorem.com/ipsum, airline-01
assistanceAgent-17, user-account-assistanceAgent-17,MM000017, Lorem ipsum dolor sit amet. consectetur adipiscing elit. Sed do: eiusmod tempor incididunt ut labore et dolore magna aliqua! Ut*,02/07/2012 0:00,Lorem ipsum dolor sit amet. consectetur adipiscing elit. Sed do: eiusmod tempor incididunt ut labore et dolore magna aliqua! Ut enim ad minim veniam? Quis nostrud exercitation ullamco laboris nisi ut aliquip ex ea commodo consequat. Duis aute irure dolor*, EUR 500.000, http://lorem.com/ipsum, airline-01
assistanceAgent-18, user-account-assistanceAgent-18,MM000018, Lorem ipsum dolor sit amet. consectetur adipiscing elit. Sed do: eiusmod tempor incididunt ut labore et dolore magna aliqua! Ut*,02/07/2012 0:00,โลเร็ม อิปซัม ,EUR 500.000, http://lorem.com/ipsum, airline-01
assistanceAgent-19, user-account-assistanceAgent-19,MM000019, Lorem ipsum dolor sit amet. consectetur adipiscing elit. Sed do: eiusmod tempor incididunt ut labore et dolore magna aliqua! Ut*,02/07/2012 0:00,لوريم إيبسوم,EUR 500.000, http://lorem.com/ipsum, airline-01
assistanceAgent-20, user-account-assistanceAgent-20,MM000020, Lorem ipsum dolor sit amet. consectetur adipiscing elit. Sed do: eiusmod tempor incididunt ut labore et dolore magna aliqua! Ut*,02/07/2012 0:00,洛伦·伊普森,EUR 500.000, http://lorem.com/ipsum, airline-01
assistanceAgent-21, user-account-assistanceAgent-21,MM000021, Lorem ipsum dolor sit amet. consectetur adipiscing elit. Sed do: eiusmod tempor incididunt ut labore et dolore magna aliqua! Ut*,02/07/2012 0:00,<marquee>Hacked</marquee>, EUR 500.000, http://lorem.com/ipsum, airline-01
assistanceAgent-22, user-account-assistanceAgent-22,MM000022, Lorem ipsum dolor sit amet. consectetur adipiscing elit. Sed do: eiusmod tempor incididunt ut labore et dolore magna aliqua! Ut*,02/07/2012 0:00,<script>alert(‘Hacked!’);</script>, EUR 500.000, http://lorem.com/ipsum, airline-01
assistanceAgent-23, user-account-assistanceAgent-23,MM000023, Lorem ipsum dolor sit amet. consectetur adipiscing elit. Sed do: eiusmod tempor incididunt ut labore et dolore magna aliqua! Ut*,02/07/2012 0:00,' or 'A' = 'A , EUR 500.000, http://lorem.com/ipsum, airline-01

#salary - variations
assistanceAgent-24, user-account-assistanceAgent-01,MM000024, Lorem ipsum dolor sit amet. consectetur adipiscing elit. Sed do: eiusmod tempor incididunt ut labore et dolore magna aliqua! Ut*,02/07/2012 0:00,Lorem ipsum dolor sit amet. consectetur adipiscing elit. Sed do: eiusmod tempor incididunt ut labore et dolore magna aliqua! Ut*, EUR 0.00, http://lorem.com/ipsum, airline-01
assistanceAgent-25, user-account-assistanceAgent-01,MM000025, Lorem ipsum dolor sit amet. consectetur adipiscing elit. Sed do: eiusmod tempor incididunt ut labore et dolore magna aliqua! Ut*,02/07/2012 0:00,Lorem ipsum dolor sit amet. consectetur adipiscing elit. Sed do: eiusmod tempor incididunt ut labore et dolore magna aliqua! Ut*, EUR 0.01, http://lorem.com/ipsum, airline-01
assistanceAgent-26, user-account-assistanceAgent-01,MM000026, Lorem ipsum dolor sit amet. consectetur adipiscing elit. Sed do: eiusmod tempor incididunt ut labore et dolore magna aliqua! Ut*,02/07/2012 0:00,Lorem ipsum dolor sit amet. consectetur adipiscing elit. Sed do: eiusmod tempor incididunt ut labore et dolore magna aliqua! Ut*, EUR 999999.99, http://lorem.com/ipsum, airline-01
assistanceAgent-27, user-account-assistanceAgent-01,MM000027, Lorem ipsum dolor sit amet. consectetur adipiscing elit. Sed do: eiusmod tempor incididunt ut labore et dolore magna aliqua! Ut*,02/07/2012 0:00,Lorem ipsum dolor sit amet. consectetur adipiscing elit. Sed do: eiusmod tempor incididunt ut labore et dolore magna aliqua! Ut*, EUR 1000000.00, http://lorem.com/ipsum, airline-01

#photo - variations
assistanceAgent-28, user-account-assistanceAgent-28,MM000028, Lorem ipsum dolor sit amet. consectetur adipiscing elit. Sed do: eiusmod tempor incididunt ut labore et dolore magna aliqua! Ut*,02/07/2012 0:00,Lorem ipsum dolor sit amet. consectetur adipiscing elit. Sed do: eiusmod tempor incididunt ut labore et dolore magna aliqua! Ut*, EUR 500.000, ftp://a, airline-01
assistanceAgent-29, user-account-assistanceAgent-29,MM000029, Lorem ipsum dolor sit amet. consectetur adipiscing elit. Sed do: eiusmod tempor incididunt ut labore et dolore magna aliqua! Ut*,02/07/2012 0:00,Lorem ipsum dolor sit amet. consectetur adipiscing elit. Sed do: eiusmod tempor incididunt ut labore et dolore magna aliqua! Ut*, EUR 500.000, ftp://a.b, airline-01
assistanceAgent-30, user-account-assistanceAgent-30,MM000030, Lorem ipsum dolor sit amet. consectetur adipiscing elit. Sed do: eiusmod tempor incididunt ut labore et dolore magna aliqua! Ut*,02/07/2012 0:00,Lorem ipsum dolor sit amet. consectetur adipiscing elit. Sed do: eiusmod tempor incididunt ut labore et dolore magna aliqua! Ut*, EUR 500.000, https://www.lorem-ipsum.org, airline-01
assistanceAgent-31, user-account-assistanceAgent-31,MM000031, Lorem ipsum dolor sit amet. consectetur adipiscing elit. Sed do: eiusmod tempor incididunt ut labore et dolore magna aliqua! Ut*,02/07/2012 0:00,Lorem ipsum dolor sit amet. consectetur adipiscing elit. Sed do: eiusmod tempor incididunt ut labore et dolore magna aliqua! Ut*, EUR 500.000, ftp://www.lorem-ipsum.org, airline-01
assistanceAgent-32, user-account-assistanceAgent-32,MM000032, Lorem ipsum dolor sit amet. consectetur adipiscing elit. Sed do: eiusmod tempor incididunt ut labore et dolore magna aliqua! Ut*,02/07/2012 0:00,Lorem ipsum dolor sit amet. consectetur adipiscing elit. Sed do: eiusmod tempor incididunt ut labore et dolore magna aliqua! Ut*, EUR 500.000, http://www.lorem-ipsum.org/dolor/sit.html, airline-01
assistanceAgent-33, user-account-assistanceAgent-33,MM000033, Lorem ipsum dolor sit amet. consectetur adipiscing elit. Sed do: eiusmod tempor incididunt ut labore et dolore magna aliqua! Ut*,02/07/2012 0:00,Lorem ipsum dolor sit amet. consectetur adipiscing elit. Sed do: eiusmod tempor incididunt ut labore et dolore magna aliqua! Ut*, EUR 500.000, http://example.org?a=1&b=2, airline-01
assistanceAgent-34, user-account-assistanceAgent-34,MM000034, Lorem ipsum dolor sit amet. consectetur adipiscing elit. Sed do: eiusmod tempor incididunt ut labore et dolore magna aliqua! Ut*,02/07/2012 0:00,Lorem ipsum dolor sit amet. consectetur adipiscing elit. Sed do: eiusmod tempor incididunt ut labore et dolore magna aliqua! Ut*, EUR 500.000, http://example.org?, airline-01
assistanceAgent-35, user-account-assistanceAgent-35,MM000035, Lorem ipsum dolor sit amet. consectetur adipiscing elit. Sed do: eiusmod tempor incididunt ut labore et dolore magna aliqua! Ut*,02/07/2012 0:00,Lorem ipsum dolor sit amet. consectetur adipiscing elit. Sed do: eiusmod tempor incididunt ut labore et dolore magna aliqua! Ut*, EUR 500.000, http://example.org/a/b?a&b, airline-01













