key,registrationMoment,passengerEmail,description,type,key:assistanceAgent,key:leg
#base entity
claim-01,2012/07/02 0:00,acme@lorem-ipsum.org,Lorem ipsum dolor sit amet. consectetur adipiscing elit. Sed do: eiusmod tempor incididunt ut labore et dolore magna aliqua! Ut*,FLIGHT_ISSUES,assistanceAgent-01,leg-01

#registrationMoment - variations
 
claim-02,2000/01/01 0:00,acme@lorem-ipsum.org,Lorem ipsum dolor sit amet. consectetur adipiscing elit. Sed do: eiusmod tempor incididunt ut labore et dolore magna aliqua! Ut*,FLIGHT_ISSUES,assistanceAgent-01,leg-01
claim-03,2000/01/01 0:01,acme@lorem-ipsum.org,Lorem ipsum dolor sit amet. consectetur adipiscing elit. Sed do: eiusmod tempor incididunt ut labore et dolore magna aliqua! Ut*,FLIGHT_ISSUES,assistanceAgent-01,leg-01
claim-04,2024/12/31 23:59,acme@lorem-ipsum.org,Lorem ipsum dolor sit amet. consectetur adipiscing elit. Sed do: eiusmod tempor incididunt ut labore et dolore magna aliqua! Ut*,FLIGHT_ISSUES,assistanceAgent-01,leg-01
claim-05,2025/01/01 0:00,acme@lorem-ipsum.org,Lorem ipsum dolor sit amet. consectetur adipiscing elit. Sed do: eiusmod tempor incididunt ut labore et dolore magna aliqua! Ut*,FLIGHT_ISSUES,assistanceAgent-01,leg-01

#passengerEmail - variations
claim-06,2012/07/02 0:00,password@lorem-ipsum.org,Lorem ipsum dolor sit amet. consectetur adipiscing elit. Sed do: eiusmod tempor incididunt ut labore et dolore magna aliqua! Ut*,FLIGHT_ISSUES,assistanceAgent-01,leg-01
claim-07,2012/07/02 0:00,a@b.e,Lorem ipsum dolor sit amet. consectetur adipiscing elit. Sed do: eiusmod tempor incididunt ut labore et dolore magna aliqua! Ut*,FLIGHT_ISSUES,assistanceAgent-01,leg-01
claim-08,2012/07/02 0:00,a@b.es,Lorem ipsum dolor sit amet. consectetur adipiscing elit. Sed do: eiusmod tempor incididunt ut labore et dolore magna aliqua! Ut*,FLIGHT_ISSUES,assistanceAgent-01,leg-01
claim-09,2012/07/02 0:00,a@b.esx,Lorem ipsum dolor sit amet. consectetur adipiscing elit. Sed do: eiusmod tempor incididunt ut labore et dolore magna aliqua! Ut*,FLIGHT_ISSUES,assistanceAgent-01,leg-01
claim-10,2012/07/02 0:00,lorem-ipsum@dolor.sit.amet.consectetur.adipiscing.elit.sed.do.eiusmod.tempor.incididunt.ut.labore.et.dolore.magna.aliqua.Ut.enim.ad.minim.veniam.quis.nostrud.exercitation.ullamco.laboris.nisi.ut.aliquip.ex.ea.commodo.consequat.duis.aute.irure.doloris.edu,Lorem ipsum dolor sit amet. consectetur adipiscing elit. Sed do: eiusmod tempor incididunt ut labore et dolore magna aliqua! Ut*,FLIGHT_ISSUES,assistanceAgent-01,leg-01
claim-11,2012/07/02 0:00,lorem-ipsum@dolor.sit.amet.consectetur.adipiscing.elit.sed.do.eiusmod.tempor.incididunt.ut.labore.et.dolore.magna.aliqua.Ut.enim.ad.minim.veniam.quis.nostrud.exercitation.ullamco.laboris.nisi.ut.aliquip.ex.ea.commodo.consequat.duis.aute.irure.dolor.es.org,Lorem ipsum dolor sit amet. consectetur adipiscing elit. Sed do: eiusmod tempor incididunt ut labore et dolore magna aliqua! Ut*,FLIGHT_ISSUES,assistanceAgent-01,leg-01

#description - variations 
claim-12,2012/07/02 0:00,acme@lorem-ipsum.org,L,FLIGHT_ISSUES,assistanceAgent-01,leg-01
claim-13,2012/07/02 0:00,acme@lorem-ipsum.org,Lo,FLIGHT_ISSUES,assistanceAgent-01,leg-01
claim-14,2012/07/02 0:00,acme@lorem-ipsum.org,Lorem ipsum dolor sit amet. consectetur adipiscing elit. Sed do: eiusmod tempor incididunt ut labore et dolore magna aliqua! Ut enim ad minim veniam? Quis nostrud exercitation ullamco laboris nisi ut aliquip ex ea commodo consequat. Duis aute irure dolor,FLIGHT_ISSUES,assistanceAgent-01,leg-01
claim-15,2012/07/02 0:00,acme@lorem-ipsum.org,Lorem ipsum dolor sit amet. consectetur adipiscing elit. Sed do: eiusmod tempor incididunt ut labore et dolore magna aliqua! Ut enim ad minim veniam? Quis nostrud exercitation ullamco laboris nisi ut aliquip ex ea commodo consequat. Duis aute irure dolor*,FLIGHT_ISSUES,assistanceAgent-01,leg-01
claim-16,2012/07/02 0:00,acme@lorem-ipsum.org,โลเร็ม อิปซัม,FLIGHT_ISSUES,assistanceAgent-01,leg-01
claim-17,2012/07/02 0:00,acme@lorem-ipsum.org,لوريم إيبسوم,FLIGHT_ISSUES,assistanceAgent-01,leg-01
claim-18,2012/07/02 0:00,acme@lorem-ipsum.org,洛伦·伊普森,FLIGHT_ISSUES,assistanceAgent-01,leg-01
claim-19,2012/07/02 0:00,acme@lorem-ipsum.org,Hacked,FLIGHT_ISSUES,assistanceAgent-01,leg-01
claim-20,2012/07/02 0:00,acme@lorem-ipsum.org,alert(‘Hacked!’);,FLIGHT_ISSUES,assistanceAgent-01,leg-01
claim-21,2012/07/02 0:00,acme@lorem-ipsum.org,' or 'A' = 'A,FLIGHT_ISSUES,assistanceAgent-01,leg-01

#type - variations
claim-22,2012/07/02 0:00,acme@lorem-ipsum.org,Lorem ipsum dolor sit amet. consectetur adipiscing elit. Sed do: eiusmod tempor incididunt ut labore et dolore magna aliqua! Ut*,FLIGHT_ISSUES,assistanceAgent-01,leg-01
claim-23,2012/07/02 0:00,acme@lorem-ipsum.org,Lorem ipsum dolor sit amet. consectetur adipiscing elit. Sed do: eiusmod tempor incididunt ut labore et dolore magna aliqua! Ut*,LUGGAGE_ISSUES,assistanceAgent-01,leg-01
claim-24,2012/07/02 0:00,acme@lorem-ipsum.org,Lorem ipsum dolor sit amet. consectetur adipiscing elit. Sed do: eiusmod tempor incididunt ut labore et dolore magna aliqua! Ut*,SECURITY_INCIDENT,assistanceAgent-01,leg-01
claim-25,2012/07/02 0:00,acme@lorem-ipsum.org,Lorem ipsum dolor sit amet. consectetur adipiscing elit. Sed do: eiusmod tempor incididunt ut labore et dolore magna aliqua! Ut*,OTHER_ISSUES,assistanceAgent-01,leg-01

#indicator - variations
claim-26,2012/07/02 0:00,acme@lorem-ipsum.org,Lorem ipsum dolor sit amet. consectetur adipiscing elit. Sed do: eiusmod tempor incididunt ut labore et dolore magna aliqua! Ut*,FLIGHT_ISSUES,assistanceAgent-01,leg-01
claim-27,2012/07/02 0:00,acme@lorem-ipsum.org,Lorem ipsum dolor sit amet. consectetur adipiscing elit. Sed do: eiusmod tempor incididunt ut labore et dolore magna aliqua! Ut*,FLIGHT_ISSUES,assistanceAgent-01,leg-01
claim-28,2012/07/02 0:00,acme@lorem-ipsum.org,Lorem ipsum dolor sit amet. consectetur adipiscing elit. Sed do: eiusmod tempor incididunt ut labore et dolore magna aliqua! Ut*,FLIGHT_ISSUES,assistanceAgent-01,leg-01






